{
	"!name": "Web",
	"!define": {
		"Web": {
			"!category": "namespace",
			"Browser": "Web.Browser"
		},
		"Web.Browser": {
			"!category": "namespace",
			"launch": {
				"!category": "function",
				"!description": "Launches a new browser tab returning an instance of <see cref='IBrowser'/> for the launched browser. The returned browser instance is valid until the tab is closed.",
				"!type": "fn(browserType: String) -> Object"
			},
			"attach": {
				"!category": "function",
				"!description": "Returns a new browser instance that is attached to a browser tab that was not opened by LeanFT (for example, a browser tab that was opened manually or by the AUT). \n{@link Web.BrowserFilter} is used only when attaching to the browser so transient properties like {@link Web.BrowserFilter.url}\nand {@link Web.BrowserFilter.title} can be used.\nLeanFT recognizes browser windows and tabs that it opens (for example, via {@link Web.Browser.launch}\nIf a browser is opened outside of the LeanFT context, you need to use the {@link Web.Browser.attach} method to acquire the browser tab or window.\nexample: <br/>\nA browser tab was opened manually while setting up a scenario prior to running a LeanFT test.<br/>\nA test step clicks a link in the AUT that opens a new or replacement browser tab or window.<br/>",
				"!type": "fn(filter: Object) -> Object"
			},
			"openedBrowsers": {
				"!category": "function",
				"!description": "Returns a collection of all open <see cref='IBrowser'/> that matches the {@link Web.BrowserFilter}.\n{@link Web.BrowserFilter} is used only when attaching to the browser so transient properties like @see {@link Web.BrowserFilter.url}\nand @see {@link Web.BrowserFilter.title} can be used.\nLeanFT recognizes browser windows and tabs that it opens (for example, via {@link Web.Browser.launch}).\nIf a browser is opened outside of the LeanFT context, you need to use the {@link Web.Browser.attach} method to acquire the browser tab or window. <br/>\nExamples:<br/>\n- A browser tab was opened manually while setting up a scenario prior to running a LeanFT test.<br/>\n- A test step clicks a link in the AUT that opens a new or replacement browser tab or window.<br/>",
				"!type": "fn(filter: Object) -> Object"
			},
			"navigate": {
				"!category": "function",
				"!description": "Returns a collection of all open <see cref='IBrowser'/> that matches the {@link Web.BrowserFilter}.\n{@link Web.BrowserFilter} is used only when attaching to the browser so transient properties like @see {@link Web.BrowserFilter.url}\nand @see {@link Web.BrowserFilter.title} can be used.\nLeanFT recognizes browser windows and tabs that it opens (for example, via {@link Web.Browser.launch}).\nIf a browser is opened outside of the LeanFT context, you need to use the {@link Web.Browser.attach} method to acquire the browser tab or window. <br/>\nExamples:<br/>\n- A browser tab was opened manually while setting up a scenario prior to running a LeanFT test.<br/>\n- A test step clicks a link in the AUT that opens a new or replacement browser tab or window.<br/>",
				"!type": "fn(url: String) -> Object"
			},
			"absoluteLocation": {
				"!category": "function",
				"!description": "Returns the object's absolute coordinates relative to the screen (in pixels), format: {x,y}. \nRemark: 0,0 is always the top-left corner of the (primary) monitor.",
				"!type": "fn() -> Object"
			},
			"location": {
				"!category": "function",
				"!description": "Returns the object's coordinates relative to the parent window (in pixels), format: {x,y}.",
				"!type": "fn() -> Object"
			},
			"size": {
				"!category": "function",
				"!description": "Returns the object's size (in pixels).",
				"!type": "fn() -> Object"
			},
			"exists": {
				"!category": "function",
				"!description": "Checks whether this object exists in the AUT.",
				"!type": "fn(timeout: Number) -> boolean"
			}
		}
		},
	"Web": "Web"
}
